model,n,alpha,reward
nStep,2,0.025,-19.83703240085446
nStep,4,0.025,-8.419029303673971
nStep,8,0.025,-15.497876882861354
nStep,2,0.05,-5.725564159399389
nStep,4,0.05,-11.258303049464834
nStep,8,0.05,-11.720760678141266
nStep,2,0.1,-4.819107129572477
nStep,4,0.1,-19.712014283089008
nStep,8,0.1,-7.573892365316713
