model,n,alpha,reward
Sarsa,2,0.025,-167.53125
Sarsa,4,0.025,-156.75
Sarsa,8,0.025,-166.0
Sarsa,2,0.05,-153.09375
Sarsa,4,0.05,-137.79310344827587
Sarsa,8,0.05,-182.5
Sarsa,2,0.1,-164.33333333333334
Sarsa,4,0.1,-150.96428571428572
Sarsa,8,0.1,-161.44
